scenario,replicate,step,susceptible,infected,recovered
baseline,0,0,175,5,0
baseline,0,1,175,5,0
baseline,0,2,175,5,0
baseline,0,3,173,7,0
baseline,0,4,173,7,0
baseline,0,5,170,10,0
baseline,0,6,167,13,0
baseline,0,7,165,15,0
baseline,0,8,160,20,0
baseline,0,9,155,25,0
baseline,0,10,154,26,0
baseline,0,11,148,32,0
baseline,0,12,142,38,0
baseline,0,13,139,41,0
baseline,0,14,135,40,5
baseline,0,15,129,46,5
baseline,0,16,124,51,5
baseline,0,17,118,55,7
baseline,0,18,112,61,7
baseline,0,19,107,63,10
baseline,0,20,102,65,13
baseline,0,21,95,70,15
baseline,0,22,89,71,20
baseline,0,23,84,71,25
baseline,0,24,80,74,26
baseline,0,25,69,79,32
baseline,0,26,61,81,38
baseline,0,27,57,82,41
baseline,0,28,52,83,45
baseline,0,29,49,80,51
baseline,0,30,47,77,56
baseline,0,31,45,73,62
baseline,0,32,37,75,68
baseline,0,33,35,72,73
baseline,0,34,32,70,78
baseline,0,35,31,64,85
baseline,0,36,27,62,91
baseline,0,37,25,59,96
baseline,0,38,25,55,100
baseline,0,39,23,46,111
baseline,0,40,23,38,119
baseline,0,41,23,34,123
baseline,0,42,22,30,128
baseline,0,43,21,28,131
baseline,0,44,21,26,133
baseline,0,45,20,25,135
baseline,0,46,20,17,143
baseline,0,47,20,15,145
baseline,0,48,18,14,148
baseline,0,49,18,13,149
baseline,0,50,18,9,153
baseline,0,51,18,7,155
baseline,0,52,18,7,155
baseline,0,53,18,5,157
baseline,0,54,18,5,157
baseline,0,55,17,6,157
baseline,0,56,17,5,158
baseline,0,57,17,4,159
baseline,0,58,17,4,159
baseline,0,59,17,3,160
baseline,0,60,17,3,160
baseline,0,61,17,3,160
baseline,0,62,17,1,162
baseline,0,63,17,1,162
baseline,0,64,17,1,162
baseline,0,65,17,1,162
baseline,0,66,17,1,162
baseline,0,67,17,1,162
baseline,0,68,17,1,162
baseline,0,69,17,0,163
baseline,1,0,175,5,0
baseline,1,1,175,5,0
baseline,1,2,174,6,0
baseline,1,3,174,6,0
baseline,1,4,172,8,0
baseline,1,5,170,10,0
baseline,1,6,169,11,0
baseline,1,7,168,12,0
baseline,1,8,165,15,0
baseline,1,9,162,18,0
baseline,1,10,160,20,0
baseline,1,11,157,23,0
baseline,1,12,154,26,0
baseline,1,13,150,30,0
baseline,1,14,149,26,5
baseline,1,15,147,28,5
baseline,1,16,144,30,6
baseline,1,17,140,34,6
baseline,1,18,136,36,8
baseline,1,19,135,35,10
baseline,1,20,130,39,11
baseline,1,21,127,41,12
baseline,1,22,122,43,15
baseline,1,23,121,41,18
baseline,1,24,120,40,20
baseline,1,25,113,44,23
baseline,1,26,108,46,26
baseline,1,27,102,48,30
baseline,1,28,99,50,31
baseline,1,29,93,54,33
baseline,1,30,87,57,36
baseline,1,31,83,57,40
baseline,1,32,80,56,44
baseline,1,33,78,57,45
baseline,1,34,73,57,50
baseline,1,35,71,56,53
baseline,1,36,69,53,58
baseline,1,37,65,56,59
baseline,1,38,62,58,60
baseline,1,39,60,53,67
baseline,1,40,56,52,72
baseline,1,41,56,46,78
baseline,1,42,53,46,81
baseline,1,43,50,43,87
baseline,1,44,49,38,93
baseline,1,45,43,40,97
baseline,1,46,42,38,100
baseline,1,47,39,39,102
baseline,1,48,37,36,107
baseline,1,49,36,35,109
baseline,1,50,34,35,111
baseline,1,51,32,33,115
baseline,1,52,32,30,118
baseline,1,53,31,29,120
baseline,1,54,31,25,124
baseline,1,55,31,25,124
baseline,1,56,31,22,127
baseline,1,57,30,20,130
baseline,1,58,30,19,131
baseline,1,59,30,13,137
baseline,1,60,30,12,138
baseline,1,61,30,9,141
baseline,1,62,30,7,143
baseline,1,63,30,6,144
baseline,1,64,30,4,146
baseline,1,65,30,2,148
baseline,1,66,30,2,148
baseline,1,67,30,1,149
baseline,1,68,30,1,149
baseline,1,69,30,1,149
baseline,1,70,30,1,149
baseline,1,71,30,0,150
baseline,2,0,175,5,0
baseline,2,1,173,7,0
baseline,2,2,171,9,0
baseline,2,3,170,10,0
baseline,2,4,166,14,0
baseline,2,5,164,16,0
baseline,2,6,158,22,0
baseline,2,7,156,24,0
baseline,2,8,148,32,0
baseline,2,9,145,35,0
baseline,2,10,141,39,0
baseline,2,11,138,42,0
baseline,2,12,132,48,0
baseline,2,13,126,54,0
baseline,2,14,121,54,5
baseline,2,15,119,54,7
baseline,2,16,113,58,9
baseline,2,17,106,64,10
baseline,2,18,101,65,14
baseline,2,19,96,68,16
baseline,2,20,90,68,22
baseline,2,21,82,74,24
baseline,2,22,80,68,32
baseline,2,23,75,70,35
baseline,2,24,70,71,39
baseline,2,25,69,69,42
baseline,2,26,67,65,48
baseline,2,27,65,61,54
baseline,2,28,59,62,59
baseline,2,29,55,64,61
baseline,2,30,55,58,67
baseline,2,31,52,54,74
baseline,2,32,49,52,79
baseline,2,33,46,50,84
baseline,2,34,44,46,90
baseline,2,35,43,39,98
baseline,2,36,41,39,100
baseline,2,37,38,37,105
baseline,2,38,36,34,110
baseline,2,39,35,34,111
baseline,2,40,34,33,113
baseline,2,41,33,32,115
baseline,2,42,30,29,121
baseline,2,43,28,27,125
baseline,2,44,28,27,125
baseline,2,45,27,25,128
baseline,2,46,26,23,131
baseline,2,47,26,20,134
baseline,2,48,23,21,136
baseline,2,49,22,21,137
baseline,2,50,22,19,139
baseline,2,51,21,17,142
baseline,2,52,21,15,144
baseline,2,53,21,14,145
baseline,2,54,19,15,146
baseline,2,55,19,14,147
baseline,2,56,18,12,150
baseline,2,57,18,10,152
baseline,2,58,18,10,152
baseline,2,59,18,9,153
baseline,2,60,18,8,154
baseline,2,61,18,8,154
baseline,2,62,18,5,157
baseline,2,63,18,4,158
baseline,2,64,18,4,158
baseline,2,65,18,3,159
baseline,2,66,18,3,159
baseline,2,67,18,3,159
baseline,2,68,18,1,161
baseline,2,69,18,1,161
baseline,2,70,18,0,162
baseline,3,0,175,5,0
baseline,3,1,174,6,0
baseline,3,2,173,7,0
baseline,3,3,172,8,0
baseline,3,4,170,10,0
baseline,3,5,168,12,0
baseline,3,6,168,12,0
baseline,3,7,166,14,0
baseline,3,8,162,18,0
baseline,3,9,160,20,0
baseline,3,10,152,28,0
baseline,3,11,149,31,0
baseline,3,12,144,36,0
baseline,3,13,137,43,0
baseline,3,14,132,43,5
baseline,3,15,130,44,6
baseline,3,16,123,50,7
baseline,3,17,116,56,8
baseline,3,18,110,60,10
baseline,3,19,104,64,12
baseline,3,20,99,69,12
baseline,3,21,89,77,14
baseline,3,22,78,84,18
baseline,3,23,72,88,20
baseline,3,24,66,86,28
baseline,3,25,59,90,31
baseline,3,26,53,91,36
baseline,3,27,46,91,43
baseline,3,28,44,88,48
baseline,3,29,38,92,50
baseline,3,30,36,87,57
baseline,3,31,32,84,64
baseline,3,32,32,78,70
baseline,3,33,30,74,76
baseline,3,34,28,71,81
baseline,3,35,26,63,91
baseline,3,36,24,54,102
baseline,3,37,22,50,108
baseline,3,38,22,44,114
baseline,3,39,22,37,121
baseline,3,40,22,31,127
baseline,3,41,22,24,134
baseline,3,42,21,23,136
baseline,3,43,17,21,142
baseline,3,44,17,19,144
baseline,3,45,17,15,148
baseline,3,46,17,15,148
baseline,3,47,17,13,150
baseline,3,48,17,11,152
baseline,3,49,17,9,154
baseline,3,50,17,7,156
baseline,3,51,17,5,158
baseline,3,52,17,5,158
baseline,3,53,17,5,158
baseline,3,54,17,5,158
baseline,3,55,17,5,158
baseline,3,56,17,4,159
baseline,3,57,16,1,163
baseline,3,58,16,1,163
baseline,3,59,16,1,163
baseline,3,60,16,1,163
baseline,3,61,15,2,163
baseline,3,62,15,2,163
baseline,3,63,15,2,163
baseline,3,64,15,2,163
baseline,3,65,15,2,163
baseline,3,66,15,2,163
baseline,3,67,15,2,163
baseline,3,68,15,2,163
baseline,3,69,15,2,163
baseline,3,70,15,2,163
baseline,3,71,15,1,164
baseline,3,72,15,1,164
baseline,3,73,15,1,164
baseline,3,74,15,1,164
baseline,3,75,15,0,165
baseline,4,0,175,5,0
baseline,4,1,174,6,0
baseline,4,2,170,10,0
baseline,4,3,168,12,0
baseline,4,4,165,15,0
baseline,4,5,162,18,0
baseline,4,6,161,19,0
baseline,4,7,156,24,0
baseline,4,8,152,28,0
baseline,4,9,147,33,0
baseline,4,10,142,38,0
baseline,4,11,136,44,0
baseline,4,12,131,49,0
baseline,4,13,128,52,0
baseline,4,14,120,55,5
baseline,4,15,118,56,6
baseline,4,16,112,58,10
baseline,4,17,105,63,12
baseline,4,18,97,68,15
baseline,4,19,92,70,18
baseline,4,20,86,75,19
baseline,4,21,80,76,24
baseline,4,22,78,74,28
baseline,4,23,74,73,33
baseline,4,24,67,75,38
baseline,4,25,61,75,44
baseline,4,26,60,71,49
baseline,4,27,55,73,52
baseline,4,28,50,70,60
baseline,4,29,50,68,62
baseline,4,30,45,67,68
baseline,4,31,42,63,75
baseline,4,32,42,55,83
baseline,4,33,39,53,88
baseline,4,34,38,48,94
baseline,4,35,32,48,100
baseline,4,36,30,48,102
baseline,4,37,29,45,106
baseline,4,38,26,41,113
baseline,4,39,26,35,119
baseline,4,40,24,36,120
baseline,4,41,23,32,125
baseline,4,42,21,29,130
baseline,4,43,21,29,130
baseline,4,44,21,24,135
baseline,4,45,21,21,138
baseline,4,46,20,22,138
baseline,4,47,20,19,141
baseline,4,48,20,18,142
baseline,4,49,19,13,148
baseline,4,50,19,11,150
baseline,4,51,18,11,151
baseline,4,52,18,8,154
baseline,4,53,16,10,154
baseline,4,54,15,9,156
baseline,4,55,15,8,157
baseline,4,56,15,6,159
baseline,4,57,15,6,159
baseline,4,58,15,6,159
baseline,4,59,15,6,159
baseline,4,60,15,5,160
baseline,4,61,15,5,160
baseline,4,62,15,5,160
baseline,4,63,15,4,161
baseline,4,64,15,4,161
baseline,4,65,15,3,162
baseline,4,66,15,3,162
baseline,4,67,15,1,164
baseline,4,68,15,0,165
baseline,5,0,175,5,0
baseline,5,1,173,7,0
baseline,5,2,172,8,0
baseline,5,3,172,8,0
baseline,5,4,169,11,0
baseline,5,5,169,11,0
baseline,5,6,166,14,0
baseline,5,7,164,16,0
baseline,5,8,163,17,0
baseline,5,9,157,23,0
baseline,5,10,151,29,0
baseline,5,11,147,33,0
baseline,5,12,146,34,0
baseline,5,13,142,38,0
baseline,5,14,138,37,5
baseline,5,15,137,36,7
baseline,5,16,135,37,8
baseline,5,17,131,41,8
baseline,5,18,126,43,11
baseline,5,19,120,49,11
baseline,5,20,115,51,14
baseline,5,21,108,56,16
baseline,5,22,103,60,17
baseline,5,23,96,61,23
baseline,5,24,89,62,29
baseline,5,25,86,61,33
baseline,5,26,83,63,34
baseline,5,27,79,63,38
baseline,5,28,74,64,42
baseline,5,29,70,67,43
baseline,5,30,66,69,45
baseline,5,31,59,72,49
baseline,5,32,56,70,54
baseline,5,33,50,70,60
baseline,5,34,47,68,65
baseline,5,35,43,65,72
baseline,5,36,39,64,77
baseline,5,37,38,58,84
baseline,5,38,38,51,91
baseline,5,39,36,50,94
baseline,5,40,36,47,97
baseline,5,41,35,44,101
baseline,5,42,33,41,106
baseline,5,43,31,39,110
baseline,5,44,30,36,114
baseline,5,45,29,30,121
baseline,5,46,27,29,124
baseline,5,47,26,24,130
baseline,5,48,26,21,133
baseline,5,49,25,18,137
baseline,5,50,24,15,141
baseline,5,51,23,15,142
baseline,5,52,22,16,142
baseline,5,53,21,15,144
baseline,5,54,21,15,144
baseline,5,55,21,14,145
baseline,5,56,21,12,147
baseline,5,57,21,10,149
baseline,5,58,20,10,150
baseline,5,59,19,10,151
baseline,5,60,17,10,153
baseline,5,61,17,9,154
baseline,5,62,17,9,154
baseline,5,63,17,8,155
baseline,5,64,17,7,156
baseline,5,65,17,6,157
baseline,5,66,17,5,158
baseline,5,67,17,4,159
baseline,5,68,17,4,159
baseline,5,69,17,4,159
baseline,5,70,17,4,159
baseline,5,71,17,4,159
baseline,5,72,17,3,160
baseline,5,73,17,2,161
baseline,5,74,17,0,163
moderate_distancing,0,0,175,5,0
moderate_distancing,0,1,175,5,0
moderate_distancing,0,2,174,6,0
moderate_distancing,0,3,172,8,0
moderate_distancing,0,4,169,11,0
moderate_distancing,0,5,168,12,0
moderate_distancing,0,6,166,14,0
moderate_distancing,0,7,166,14,0
moderate_distancing,0,8,164,16,0
moderate_distancing,0,9,162,18,0
moderate_distancing,0,10,161,19,0
moderate_distancing,0,11,160,20,0
moderate_distancing,0,12,155,25,0
moderate_distancing,0,13,153,27,0
moderate_distancing,0,14,150,25,5
moderate_distancing,0,15,146,29,5
moderate_distancing,0,16,144,30,6
moderate_distancing,0,17,140,32,8
moderate_distancing,0,18,134,35,11
moderate_distancing,0,19,132,36,12
moderate_distancing,0,20,132,34,14
moderate_distancing,0,21,129,37,14
moderate_distancing,0,22,125,39,16
moderate_distancing,0,23,122,40,18
moderate_distancing,0,24,118,43,19
moderate_distancing,0,25,109,51,20
moderate_distancing,0,26,108,47,25
moderate_distancing,0,27,103,50,27
moderate_distancing,0,28,99,51,30
moderate_distancing,0,29,93,53,34
moderate_distancing,0,30,89,55,36
moderate_distancing,0,31,81,59,40
moderate_distancing,0,32,76,58,46
moderate_distancing,0,33,74,58,48
moderate_distancing,0,34,68,64,48
moderate_distancing,0,35,65,64,51
moderate_distancing,0,36,61,64,55
moderate_distancing,0,37,60,62,58
moderate_distancing,0,38,58,60,62
moderate_distancing,0,39,58,51,71
moderate_distancing,0,40,56,52,72
moderate_distancing,0,41,54,49,77
moderate_distancing,0,42,54,45,81
moderate_distancing,0,43,51,42,87
moderate_distancing,0,44,49,40,91
moderate_distancing,0,45,48,33,99
moderate_distancing,0,46,46,30,104
moderate_distancing,0,47,45,29,106
moderate_distancing,0,48,44,24,112
moderate_distancing,0,49,43,22,115
moderate_distancing,0,50,42,19,119
moderate_distancing,0,51,42,18,120
moderate_distancing,0,52,42,16,122
moderate_distancing,0,53,42,16,122
moderate_distancing,0,54,42,14,124
moderate_distancing,0,55,42,12,126
moderate_distancing,0,56,42,12,126
moderate_distancing,0,57,42,9,129
moderate_distancing,0,58,42,7,131
moderate_distancing,0,59,42,6,132
moderate_distancing,0,60,42,4,134
moderate_distancing,0,61,42,3,135
moderate_distancing,0,62,42,2,136
moderate_distancing,0,63,42,1,137
moderate_distancing,0,64,42,0,138
moderate_distancing,1,0,175,5,0
moderate_distancing,1,1,174,6,0
moderate_distancing,1,2,174,6,0
moderate_distancing,1,3,173,7,0
moderate_distancing,1,4,172,8,0
moderate_distancing,1,5,171,9,0
moderate_distancing,1,6,168,12,0
moderate_distancing,1,7,166,14,0
moderate_distancing,1,8,164,16,0
moderate_distancing,1,9,163,17,0
moderate_distancing,1,10,163,17,0
moderate_distancing,1,11,161,19,0
moderate_distancing,1,12,158,22,0
moderate_distancing,1,13,156,24,0
moderate_distancing,1,14,154,21,5
moderate_distancing,1,15,151,23,6
moderate_distancing,1,16,146,28,6
moderate_distancing,1,17,146,27,7
moderate_distancing,1,18,142,30,8
moderate_distancing,1,19,138,33,9
moderate_distancing,1,20,131,37,12
moderate_distancing,1,21,128,38,14
moderate_distancing,1,22,126,38,16
moderate_distancing,1,23,123,40,17
moderate_distancing,1,24,120,43,17
moderate_distancing,1,25,115,46,19
moderate_distancing,1,26,111,47,22
moderate_distancing,1,27,109,47,24
moderate_distancing,1,28,106,48,26
moderate_distancing,1,29,103,48,29
moderate_distancing,1,30,103,43,34
moderate_distancing,1,31,101,45,34
moderate_distancing,1,32,96,46,38
moderate_distancing,1,33,91,47,42
moderate_distancing,1,34,88,43,49
moderate_distancing,1,35,86,42,52
moderate_distancing,1,36,82,44,54
moderate_distancing,1,37,79,44,57
moderate_distancing,1,38,77,43,60
moderate_distancing,1,39,73,42,65
moderate_distancing,1,40,71,40,69
moderate_distancing,1,41,71,38,71
moderate_distancing,1,42,70,36,74
moderate_distancing,1,43,69,34,77
moderate_distancing,1,44,69,34,77
moderate_distancing,1,45,63,38,79
moderate_distancing,1,46,59,37,84
moderate_distancing,1,47,57,34,89
moderate_distancing,1,48,55,33,92
moderate_distancing,1,49,52,34,94
moderate_distancing,1,50,51,31,98
moderate_distancing,1,51,50,29,101
moderate_distancing,1,52,49,28,103
moderate_distancing,1,53,49,24,107
moderate_distancing,1,54,47,24,109
moderate_distancing,1,55,47,24,109
moderate_distancing,1,56,47,23,110
moderate_distancing,1,57,47,22,111
moderate_distancing,1,58,46,23,111
moderate_distancing,1,59,46,17,117
moderate_distancing,1,60,45,14,121
moderate_distancing,1,61,45,12,123
moderate_distancing,1,62,45,10,125
moderate_distancing,1,63,45,7,128
moderate_distancing,1,64,45,6,129
moderate_distancing,1,65,45,5,130
moderate_distancing,1,66,45,4,131
moderate_distancing,1,67,45,4,131
moderate_distancing,1,68,45,2,133
moderate_distancing,1,69,45,2,133
moderate_distancing,1,70,45,2,133
moderate_distancing,1,71,45,2,133
moderate_distancing,1,72,45,1,134
moderate_distancing,1,73,45,1,134
moderate_distancing,1,74,45,0,135
moderate_distancing,2,0,175,5,0
moderate_distancing,2,1,174,6,0
moderate_distancing,2,2,172,8,0
moderate_distancing,2,3,171,9,0
moderate_distancing,2,4,170,10,0
moderate_distancing,2,5,170,10,0
moderate_distancing,2,6,169,11,0
moderate_distancing,2,7,168,12,0
moderate_distancing,2,8,168,12,0
moderate_distancing,2,9,168,12,0
moderate_distancing,2,10,164,16,0
moderate_distancing,2,11,162,18,0
moderate_distancing,2,12,161,19,0
moderate_distancing,2,13,158,22,0
moderate_distancing,2,14,156,19,5
moderate_distancing,2,15,153,21,6
moderate_distancing,2,16,151,21,8
moderate_distancing,2,17,150,21,9
moderate_distancing,2,18,148,22,10
moderate_distancing,2,19,147,23,10
moderate_distancing,2,20,145,24,11
moderate_distancing,2,21,145,23,12
moderate_distancing,2,22,145,23,12
moderate_distancing,2,23,144,24,12
moderate_distancing,2,24,142,22,16
moderate_distancing,2,25,138,24,18
moderate_distancing,2,26,136,25,19
moderate_distancing,2,27,135,23,22
moderate_distancing,2,28,134,22,24
moderate_distancing,2,29,134,19,27
moderate_distancing,2,30,132,19,29
moderate_distancing,2,31,130,20,30
moderate_distancing,2,32,126,22,32
moderate_distancing,2,33,126,21,33
moderate_distancing,2,34,121,24,35
moderate_distancing,2,35,118,27,35
moderate_distancing,2,36,114,31,35
moderate_distancing,2,37,111,33,36
moderate_distancing,2,38,108,34,38
moderate_distancing,2,39,108,30,42
moderate_distancing,2,40,107,29,44
moderate_distancing,2,41,106,29,45
moderate_distancing,2,42,101,33,46
moderate_distancing,2,43,99,35,46
moderate_distancing,2,44,98,34,48
moderate_distancing,2,45,98,32,50
moderate_distancing,2,46,98,28,54
moderate_distancing,2,47,94,32,54
moderate_distancing,2,48,94,27,59
moderate_distancing,2,49,92,26,62
moderate_distancing,2,50,91,23,66
moderate_distancing,2,51,87,24,69
moderate_distancing,2,52,84,24,72
moderate_distancing,2,53,82,26,72
moderate_distancing,2,54,79,28,73
moderate_distancing,2,55,78,28,74
moderate_distancing,2,56,75,26,79
moderate_distancing,2,57,75,24,81
moderate_distancing,2,58,73,25,82
moderate_distancing,2,59,73,25,82
moderate_distancing,2,60,73,25,82
moderate_distancing,2,61,72,22,86
moderate_distancing,2,62,72,22,86
moderate_distancing,2,63,67,25,88
moderate_distancing,2,64,65,26,89
moderate_distancing,2,65,62,25,93
moderate_distancing,2,66,61,23,96
moderate_distancing,2,67,60,22,98
moderate_distancing,2,68,60,19,101
moderate_distancing,2,69,58,20,102
moderate_distancing,2,70,57,18,105
moderate_distancing,2,71,57,18,105
moderate_distancing,2,72,57,16,107
moderate_distancing,2,73,57,16,107
moderate_distancing,2,74,57,16,107
moderate_distancing,2,75,57,15,108
moderate_distancing,2,76,57,15,108
moderate_distancing,2,77,57,10,113
moderate_distancing,2,78,56,9,115
moderate_distancing,2,79,55,7,118
moderate_distancing,2,80,55,6,119
moderate_distancing,3,0,175,5,0
moderate_distancing,3,1,174,6,0
moderate_distancing,3,2,172,8,0
moderate_distancing,3,3,169,11,0
moderate_distancing,3,4,164,16,0
moderate_distancing,3,5,159,21,0
moderate_distancing,3,6,157,23,0
moderate_distancing,3,7,156,24,0
moderate_distancing,3,8,152,28,0
moderate_distancing,3,9,151,29,0
moderate_distancing,3,10,149,31,0
moderate_distancing,3,11,147,33,0
moderate_distancing,3,12,143,37,0
moderate_distancing,3,13,141,39,0
moderate_distancing,3,14,138,37,5
moderate_distancing,3,15,136,38,6
moderate_distancing,3,16,133,39,8
moderate_distancing,3,17,130,39,11
moderate_distancing,3,18,127,37,16
moderate_distancing,3,19,125,34,21
moderate_distancing,3,20,122,35,23
moderate_distancing,3,21,121,35,24
moderate_distancing,3,22,117,35,28
moderate_distancing,3,23,112,39,29
moderate_distancing,3,24,109,40,31
moderate_distancing,3,25,106,41,33
moderate_distancing,3,26,103,40,37
moderate_distancing,3,27,99,42,39
moderate_distancing,3,28,95,43,42
moderate_distancing,3,29,94,42,44
moderate_distancing,3,30,89,44,47
moderate_distancing,3,31,80,50,50
moderate_distancing,3,32,79,48,53
moderate_distancing,3,33,79,46,55
moderate_distancing,3,34,78,44,58
moderate_distancing,3,35,77,44,59
moderate_distancing,3,36,76,41,63
moderate_distancing,3,37,76,36,68
moderate_distancing,3,38,76,33,71
moderate_distancing,3,39,75,31,74
moderate_distancing,3,40,72,31,77
moderate_distancing,3,41,71,28,81
moderate_distancing,3,42,69,26,85
moderate_distancing,3,43,68,26,86
moderate_distancing,3,44,67,22,91
moderate_distancing,3,45,66,14,100
moderate_distancing,3,46,64,15,101
moderate_distancing,3,47,64,15,101
moderate_distancing,3,48,64,14,102
moderate_distancing,3,49,64,13,103
moderate_distancing,3,50,63,13,104
moderate_distancing,3,51,63,13,104
moderate_distancing,3,52,62,14,104
moderate_distancing,3,53,61,14,105
moderate_distancing,3,54,60,12,108
moderate_distancing,3,55,60,11,109
moderate_distancing,3,56,60,9,111
moderate_distancing,3,57,58,10,112
moderate_distancing,3,58,58,9,113
moderate_distancing,3,59,58,8,114
moderate_distancing,3,60,58,6,116
moderate_distancing,3,61,57,7,116
moderate_distancing,3,62,57,7,116
moderate_distancing,3,63,57,7,116
moderate_distancing,3,64,57,6,117
moderate_distancing,3,65,57,6,117
moderate_distancing,3,66,57,5,118
moderate_distancing,3,67,57,4,119
moderate_distancing,3,68,57,3,120
moderate_distancing,3,69,56,4,120
moderate_distancing,3,70,56,4,120
moderate_distancing,3,71,55,3,122
moderate_distancing,3,72,55,3,122
moderate_distancing,3,73,55,3,122
moderate_distancing,3,74,55,3,122
moderate_distancing,3,75,55,2,123
moderate_distancing,3,76,55,2,123
moderate_distancing,3,77,55,2,123
moderate_distancing,3,78,55,2,123
moderate_distancing,3,79,55,2,123
moderate_distancing,3,80,55,2,123
moderate_distancing,4,0,175,5,0
moderate_distancing,4,1,175,5,0
moderate_distancing,4,2,172,8,0
moderate_distancing,4,3,170,10,0
moderate_distancing,4,4,170,10,0
moderate_distancing,4,5,167,13,0
moderate_distancing,4,6,163,17,0
moderate_distancing,4,7,161,19,0
moderate_distancing,4,8,157,23,0
moderate_distancing,4,9,156,24,0
moderate_distancing,4,10,155,25,0
moderate_distancing,4,11,154,26,0
moderate_distancing,4,12,153,27,0
moderate_distancing,4,13,152,28,0
moderate_distancing,4,14,147,28,5
moderate_distancing,4,15,145,30,5
moderate_distancing,4,16,142,30,8
moderate_distancing,4,17,141,29,10
moderate_distancing,4,18,137,33,10
moderate_distancing,4,19,133,34,13
moderate_distancing,4,20,133,30,17
moderate_distancing,4,21,131,30,19
moderate_distancing,4,22,129,28,23
moderate_distancing,4,23,123,33,24
moderate_distancing,4,24,119,36,25
moderate_distancing,4,25,112,42,26
moderate_distancing,4,26,104,49,27
moderate_distancing,4,27,103,49,28
moderate_distancing,4,28,101,46,33
moderate_distancing,4,29,98,47,35
moderate_distancing,4,30,93,49,38
moderate_distancing,4,31,93,48,39
moderate_distancing,4,32,92,45,43
moderate_distancing,4,33,90,43,47
moderate_distancing,4,34,87,46,47
moderate_distancing,4,35,83,48,49
moderate_distancing,4,36,80,49,51
moderate_distancing,4,37,76,47,57
moderate_distancing,4,38,74,45,61
moderate_distancing,4,39,72,40,68
moderate_distancing,4,40,72,32,76
moderate_distancing,4,41,69,34,77
moderate_distancing,4,42,65,36,79
moderate_distancing,4,43,63,35,82
moderate_distancing,4,44,60,33,87
moderate_distancing,4,45,59,34,87
moderate_distancing,4,46,58,34,88
moderate_distancing,4,47,56,34,90
moderate_distancing,4,48,56,31,93
moderate_distancing,4,49,55,28,97
moderate_distancing,4,50,54,26,100
moderate_distancing,4,51,53,23,104
moderate_distancing,4,52,53,21,106
moderate_distancing,4,53,52,20,108
moderate_distancing,4,54,52,20,108
moderate_distancing,4,55,51,18,111
moderate_distancing,4,56,51,14,115
moderate_distancing,4,57,51,12,117
moderate_distancing,4,58,51,9,120
moderate_distancing,4,59,51,8,121
moderate_distancing,4,60,50,8,122
moderate_distancing,4,61,50,6,124
moderate_distancing,4,62,50,6,124
moderate_distancing,4,63,50,5,125
moderate_distancing,4,64,50,4,126
moderate_distancing,4,65,49,4,127
moderate_distancing,4,66,49,4,127
moderate_distancing,4,67,49,3,128
moderate_distancing,4,68,49,3,128
moderate_distancing,4,69,49,2,129
moderate_distancing,4,70,49,2,129
moderate_distancing,4,71,49,2,129
moderate_distancing,4,72,49,2,129
moderate_distancing,4,73,49,2,129
moderate_distancing,4,74,49,1,130
moderate_distancing,4,75,49,1,130
moderate_distancing,4,76,49,1,130
moderate_distancing,4,77,49,1,130
moderate_distancing,4,78,49,1,130
moderate_distancing,4,79,49,0,131
moderate_distancing,5,0,175,5,0
moderate_distancing,5,1,175,5,0
moderate_distancing,5,2,175,5,0
moderate_distancing,5,3,175,5,0
moderate_distancing,5,4,175,5,0
moderate_distancing,5,5,175,5,0
moderate_distancing,5,6,174,6,0
moderate_distancing,5,7,173,7,0
moderate_distancing,5,8,173,7,0
moderate_distancing,5,9,173,7,0
moderate_distancing,5,10,172,8,0
moderate_distancing,5,11,171,9,0
moderate_distancing,5,12,170,10,0
moderate_distancing,5,13,168,12,0
moderate_distancing,5,14,166,9,5
moderate_distancing,5,15,164,11,5
moderate_distancing,5,16,162,13,5
moderate_distancing,5,17,160,15,5
moderate_distancing,5,18,159,16,5
moderate_distancing,5,19,157,18,5
moderate_distancing,5,20,156,18,6
moderate_distancing,5,21,154,19,7
moderate_distancing,5,22,154,19,7
moderate_distancing,5,23,153,20,7
moderate_distancing,5,24,152,20,8
moderate_distancing,5,25,151,20,9
moderate_distancing,5,26,148,22,10
moderate_distancing,5,27,147,21,12
moderate_distancing,5,28,143,23,14
moderate_distancing,5,29,139,25,16
moderate_distancing,5,30,136,26,18
moderate_distancing,5,31,133,27,20
moderate_distancing,5,32,131,28,21
moderate_distancing,5,33,128,29,23
moderate_distancing,5,34,127,29,24
moderate_distancing,5,35,127,27,26
moderate_distancing,5,36,125,29,26
moderate_distancing,5,37,119,34,27
moderate_distancing,5,38,118,34,28
moderate_distancing,5,39,117,34,29
moderate_distancing,5,40,115,33,32
moderate_distancing,5,41,112,35,33
moderate_distancing,5,42,109,34,37
moderate_distancing,5,43,105,34,41
moderate_distancing,5,44,102,34,44
moderate_distancing,5,45,98,35,47
moderate_distancing,5,46,96,35,49
moderate_distancing,5,47,94,34,52
moderate_distancing,5,48,93,34,53
moderate_distancing,5,49,90,37,53
moderate_distancing,5,50,89,36,55
moderate_distancing,5,51,88,31,61
moderate_distancing,5,52,85,33,62
moderate_distancing,5,53,85,32,63
moderate_distancing,5,54,82,33,65
moderate_distancing,5,55,78,34,68
moderate_distancing,5,56,75,34,71
moderate_distancing,5,57,72,33,75
moderate_distancing,5,58,71,31,78
moderate_distancing,5,59,70,28,82
moderate_distancing,5,60,70,26,84
moderate_distancing,5,61,68,26,86
moderate_distancing,5,62,66,27,87
moderate_distancing,5,63,66,24,90
moderate_distancing,5,64,66,23,91
moderate_distancing,5,65,66,22,92
moderate_distancing,5,66,66,19,95
moderate_distancing,5,67,66,19,95
moderate_distancing,5,68,65,17,98
moderate_distancing,5,69,64,14,102
moderate_distancing,5,70,64,11,105
moderate_distancing,5,71,64,8,108
moderate_distancing,5,72,64,7,109
moderate_distancing,5,73,64,6,110
moderate_distancing,5,74,63,7,110
moderate_distancing,5,75,63,5,112
moderate_distancing,5,76,61,5,114
moderate_distancing,5,77,61,5,114
moderate_distancing,5,78,61,5,114
moderate_distancing,5,79,59,7,114
moderate_distancing,5,80,59,7,114
high_distancing,0,0,175,5,0
high_distancing,0,1,174,6,0
high_distancing,0,2,172,8,0
high_distancing,0,3,172,8,0
high_distancing,0,4,172,8,0
high_distancing,0,5,172,8,0
high_distancing,0,6,172,8,0
high_distancing,0,7,172,8,0
high_distancing,0,8,171,9,0
high_distancing,0,9,171,9,0
high_distancing,0,10,170,10,0
high_distancing,0,11,168,12,0
high_distancing,0,12,168,12,0
high_distancing,0,13,166,14,0
high_distancing,0,14,163,12,5
high_distancing,0,15,163,11,6
high_distancing,0,16,162,10,8
high_distancing,0,17,162,10,8
high_distancing,0,18,161,11,8
high_distancing,0,19,160,12,8
high_distancing,0,20,159,13,8
high_distancing,0,21,158,14,8
high_distancing,0,22,155,16,9
high_distancing,0,23,153,18,9
high_distancing,0,24,152,18,10
high_distancing,0,25,152,16,12
high_distancing,0,26,152,16,12
high_distancing,0,27,150,16,14
high_distancing,0,28,149,14,17
high_distancing,0,29,149,14,17
high_distancing,0,30,147,15,18
high_distancing,0,31,146,16,18
high_distancing,0,32,145,16,19
high_distancing,0,33,144,16,20
high_distancing,0,34,142,17,21
high_distancing,0,35,140,18,22
high_distancing,0,36,138,17,25
high_distancing,0,37,138,15,27
high_distancing,0,38,137,15,28
high_distancing,0,39,135,17,28
high_distancing,0,40,132,20,28
high_distancing,0,41,132,18,30
high_distancing,0,42,132,17,31
high_distancing,0,43,129,20,31
high_distancing,0,44,126,21,33
high_distancing,0,45,123,23,34
high_distancing,0,46,122,23,35
high_distancing,0,47,120,24,36
high_distancing,0,48,117,25,38
high_distancing,0,49,116,24,40
high_distancing,0,50,115,23,42
high_distancing,0,51,113,25,42
high_distancing,0,52,110,27,43
high_distancing,0,53,110,25,45
high_distancing,0,54,110,22,48
high_distancing,0,55,109,23,48
high_distancing,0,56,109,23,48
high_distancing,0,57,108,21,51
high_distancing,0,58,106,20,54
high_distancing,0,59,104,19,57
high_distancing,0,60,103,19,58
high_distancing,0,61,101,19,60
high_distancing,0,62,101,16,63
high_distancing,0,63,101,15,64
high_distancing,0,64,101,14,65
high_distancing,0,65,101,12,67
high_distancing,0,66,100,10,70
high_distancing,0,67,100,10,70
high_distancing,0,68,99,11,70
high_distancing,0,69,99,10,71
high_distancing,0,70,97,12,71
high_distancing,0,71,97,11,72
high_distancing,0,72,97,9,74
high_distancing,0,73,97,7,76
high_distancing,0,74,97,6,77
high_distancing,0,75,97,4,79
high_distancing,0,76,96,5,79
high_distancing,0,77,96,5,79
high_distancing,0,78,96,5,79
high_distancing,0,79,96,5,79
high_distancing,0,80,96,4,80
high_distancing,1,0,175,5,0
high_distancing,1,1,175,5,0
high_distancing,1,2,173,7,0
high_distancing,1,3,173,7,0
high_distancing,1,4,170,10,0
high_distancing,1,5,169,11,0
high_distancing,1,6,166,14,0
high_distancing,1,7,164,16,0
high_distancing,1,8,163,17,0
high_distancing,1,9,162,18,0
high_distancing,1,10,159,21,0
high_distancing,1,11,159,21,0
high_distancing,1,12,157,23,0
high_distancing,1,13,156,24,0
high_distancing,1,14,152,23,5
high_distancing,1,15,150,25,5
high_distancing,1,16,145,28,7
high_distancing,1,17,143,30,7
high_distancing,1,18,138,32,10
high_distancing,1,19,136,33,11
high_distancing,1,20,135,31,14
high_distancing,1,21,133,31,16
high_distancing,1,22,128,35,17
high_distancing,1,23,126,36,18
high_distancing,1,24,125,34,21
high_distancing,1,25,123,36,21
high_distancing,1,26,118,39,23
high_distancing,1,27,116,40,24
high_distancing,1,28,114,38,28
high_distancing,1,29,111,39,30
high_distancing,1,30,107,38,35
high_distancing,1,31,106,37,37
high_distancing,1,32,103,35,42
high_distancing,1,33,101,35,44
high_distancing,1,34,100,35,45
high_distancing,1,35,98,35,47
high_distancing,1,36,96,32,52
high_distancing,1,37,95,31,54
high_distancing,1,38,93,32,55
high_distancing,1,39,92,31,57
high_distancing,1,40,91,27,62
high_distancing,1,41,91,25,64
high_distancing,1,42,90,24,66
high_distancing,1,43,88,23,69
high_distancing,1,44,86,21,73
high_distancing,1,45,85,21,74
high_distancing,1,46,85,18,77
high_distancing,1,47,83,18,79
high_distancing,1,48,83,17,80
high_distancing,1,49,83,15,82
high_distancing,1,50,83,13,84
high_distancing,1,51,82,13,85
high_distancing,1,52,81,12,87
high_distancing,1,53,80,12,88
high_distancing,1,54,80,11,89
high_distancing,1,55,80,11,89
high_distancing,1,56,80,10,90
high_distancing,1,57,79,9,92
high_distancing,1,58,78,8,94
high_distancing,1,59,78,7,95
high_distancing,1,60,78,7,95
high_distancing,1,61,78,5,97
high_distancing,1,62,78,5,97
high_distancing,1,63,78,5,97
high_distancing,1,64,78,5,97
high_distancing,1,65,78,4,98
high_distancing,1,66,78,3,99
high_distancing,1,67,78,2,100
high_distancing,1,68,78,2,100
high_distancing,1,69,78,2,100
high_distancing,1,70,78,2,100
high_distancing,1,71,78,1,101
high_distancing,1,72,78,0,102
high_distancing,2,0,175,5,0
high_distancing,2,1,174,6,0
high_distancing,2,2,171,9,0
high_distancing,2,3,170,10,0
high_distancing,2,4,170,10,0
high_distancing,2,5,168,12,0
high_distancing,2,6,167,13,0
high_distancing,2,7,167,13,0
high_distancing,2,8,167,13,0
high_distancing,2,9,166,14,0
high_distancing,2,10,164,16,0
high_distancing,2,11,162,18,0
high_distancing,2,12,159,21,0
high_distancing,2,13,157,23,0
high_distancing,2,14,156,19,5
high_distancing,2,15,155,19,6
high_distancing,2,16,152,19,9
high_distancing,2,17,152,18,10
high_distancing,2,18,151,19,10
high_distancing,2,19,149,19,12
high_distancing,2,20,147,20,13
high_distancing,2,21,142,25,13
high_distancing,2,22,140,27,13
high_distancing,2,23,136,30,14
high_distancing,2,24,135,29,16
high_distancing,2,25,132,30,18
high_distancing,2,26,129,30,21
high_distancing,2,27,129,28,23
high_distancing,2,28,128,28,24
high_distancing,2,29,126,29,25
high_distancing,2,30,125,27,28
high_distancing,2,31,123,29,28
high_distancing,2,32,121,30,29
high_distancing,2,33,119,30,31
high_distancing,2,34,116,31,33
high_distancing,2,35,115,27,38
high_distancing,2,36,115,25,40
high_distancing,2,37,115,21,44
high_distancing,2,38,113,22,45
high_distancing,2,39,111,21,48
high_distancing,2,40,109,20,51
high_distancing,2,41,107,22,51
high_distancing,2,42,105,23,52
high_distancing,2,43,104,22,54
high_distancing,2,44,104,21,55
high_distancing,2,45,104,19,57
high_distancing,2,46,102,19,59
high_distancing,2,47,101,18,61
high_distancing,2,48,100,16,64
high_distancing,2,49,99,16,65
high_distancing,2,50,97,18,65
high_distancing,2,51,96,19,65
high_distancing,2,52,96,17,67
high_distancing,2,53,93,18,69
high_distancing,2,54,92,17,71
high_distancing,2,55,92,15,73
high_distancing,2,56,91,14,75
high_distancing,2,57,90,14,76
high_distancing,2,58,88,16,76
high_distancing,2,59,87,17,76
high_distancing,2,60,87,15,78
high_distancing,2,61,87,14,79
high_distancing,2,62,85,15,80
high_distancing,2,63,85,14,81
high_distancing,2,64,85,12,83
high_distancing,2,65,83,13,84
high_distancing,2,66,83,13,84
high_distancing,2,67,83,10,87
high_distancing,2,68,83,9,88
high_distancing,2,69,83,9,88
high_distancing,2,70,83,8,89
high_distancing,2,71,83,7,90
high_distancing,2,72,83,5,92
high_distancing,2,73,83,4,93
high_distancing,2,74,83,4,93
high_distancing,2,75,83,4,93
high_distancing,2,76,83,2,95
high_distancing,2,77,83,2,95
high_distancing,2,78,83,2,95
high_distancing,2,79,83,0,97
high_distancing,3,0,175,5,0
high_distancing,3,1,174,6,0
high_distancing,3,2,173,7,0
high_distancing,3,3,171,9,0
high_distancing,3,4,171,9,0
high_distancing,3,5,171,9,0
high_distancing,3,6,168,12,0
high_distancing,3,7,168,12,0
high_distancing,3,8,167,13,0
high_distancing,3,9,166,14,0
high_distancing,3,10,166,14,0
high_distancing,3,11,166,14,0
high_distancing,3,12,165,15,0
high_distancing,3,13,163,17,0
high_distancing,3,14,160,15,5
high_distancing,3,15,159,15,6
high_distancing,3,16,158,15,7
high_distancing,3,17,156,15,9
high_distancing,3,18,154,17,9
high_distancing,3,19,154,17,9
high_distancing,3,20,153,15,12
high_distancing,3,21,153,15,12
high_distancing,3,22,151,16,13
high_distancing,3,23,150,16,14
high_distancing,3,24,147,19,14
high_distancing,3,25,145,21,14
high_distancing,3,26,143,22,15
high_distancing,3,27,143,20,17
high_distancing,3,28,143,17,20
high_distancing,3,29,141,18,21
high_distancing,3,30,140,18,22
high_distancing,3,31,138,18,24
high_distancing,3,32,138,16,26
high_distancing,3,33,135,19,26
high_distancing,3,34,133,20,27
high_distancing,3,35,132,21,27
high_distancing,3,36,130,21,29
high_distancing,3,37,129,21,30
high_distancing,3,38,129,18,33
high_distancing,3,39,125,20,35
high_distancing,3,40,125,18,37
high_distancing,3,41,125,18,37
high_distancing,3,42,125,18,37
high_distancing,3,43,124,17,39
high_distancing,3,44,122,18,40
high_distancing,3,45,120,18,42
high_distancing,3,46,118,20,42
high_distancing,3,47,116,19,45
high_distancing,3,48,114,19,47
high_distancing,3,49,113,19,48
high_distancing,3,50,113,17,50
high_distancing,3,51,113,16,51
high_distancing,3,52,112,17,51
high_distancing,3,53,111,14,55
high_distancing,3,54,111,14,55
high_distancing,3,55,111,14,55
high_distancing,3,56,110,15,55
high_distancing,3,57,110,14,56
high_distancing,3,58,110,12,58
high_distancing,3,59,110,10,60
high_distancing,3,60,109,9,62
high_distancing,3,61,105,11,64
high_distancing,3,62,105,9,66
high_distancing,3,63,105,8,67
high_distancing,3,64,105,8,67
high_distancing,3,65,105,8,67
high_distancing,3,66,105,7,68
high_distancing,3,67,105,6,69
high_distancing,3,68,105,6,69
high_distancing,3,69,105,6,69
high_distancing,3,70,105,5,70
high_distancing,3,71,105,5,70
high_distancing,3,72,105,5,70
high_distancing,3,73,105,5,70
high_distancing,3,74,104,5,71
high_distancing,3,75,104,1,75
high_distancing,3,76,104,1,75
high_distancing,3,77,104,1,75
high_distancing,3,78,104,1,75
high_distancing,3,79,104,1,75
high_distancing,3,80,104,1,75
high_distancing,4,0,175,5,0
high_distancing,4,1,174,6,0
high_distancing,4,2,174,6,0
high_distancing,4,3,174,6,0
high_distancing,4,4,173,7,0
high_distancing,4,5,171,9,0
high_distancing,4,6,171,9,0
high_distancing,4,7,171,9,0
high_distancing,4,8,168,12,0
high_distancing,4,9,166,14,0
high_distancing,4,10,165,15,0
high_distancing,4,11,162,18,0
high_distancing,4,12,160,20,0
high_distancing,4,13,158,22,0
high_distancing,4,14,154,21,5
high_distancing,4,15,152,22,6
high_distancing,4,16,152,22,6
high_distancing,4,17,151,23,6
high_distancing,4,18,149,24,7
high_distancing,4,19,146,25,9
high_distancing,4,20,145,26,9
high_distancing,4,21,142,29,9
high_distancing,4,22,140,28,12
high_distancing,4,23,138,28,14
high_distancing,4,24,134,31,15
high_distancing,4,25,133,29,18
high_distancing,4,26,131,29,20
high_distancing,4,27,128,30,22
high_distancing,4,28,126,28,26
high_distancing,4,29,124,28,28
high_distancing,4,30,121,31,28
high_distancing,4,31,121,30,29
high_distancing,4,32,120,29,31
high_distancing,4,33,120,26,34
high_distancing,4,34,119,26,35
high_distancing,4,35,117,25,38
high_distancing,4,36,117,23,40
high_distancing,4,37,116,22,42
high_distancing,4,38,113,21,46
high_distancing,4,39,111,22,47
high_distancing,4,40,111,20,49
high_distancing,4,41,107,21,52
high_distancing,4,42,107,19,54
high_distancing,4,43,107,17,56
high_distancing,4,44,107,14,59
high_distancing,4,45,107,14,59
high_distancing,4,46,107,13,60
high_distancing,4,47,106,14,60
high_distancing,4,48,105,14,61
high_distancing,4,49,104,13,63
high_distancing,4,50,103,14,63
high_distancing,4,51,101,15,64
high_distancing,4,52,101,12,67
high_distancing,4,53,101,10,69
high_distancing,4,54,100,11,69
high_distancing,4,55,99,8,73
high_distancing,4,56,98,9,73
high_distancing,4,57,98,9,73
high_distancing,4,58,96,11,73
high_distancing,4,59,96,11,73
high_distancing,4,60,95,12,73
high_distancing,4,61,95,11,74
high_distancing,4,62,93,12,75
high_distancing,4,63,92,12,76
high_distancing,4,64,92,11,77
high_distancing,4,65,91,10,79
high_distancing,4,66,91,10,79
high_distancing,4,67,91,10,79
high_distancing,4,68,89,11,80
high_distancing,4,69,88,11,81
high_distancing,4,70,88,10,82
high_distancing,4,71,88,10,82
high_distancing,4,72,87,9,84
high_distancing,4,73,87,9,84
high_distancing,4,74,87,8,85
high_distancing,4,75,86,9,85
high_distancing,4,76,85,8,87
high_distancing,4,77,85,7,88
high_distancing,4,78,83,9,88
high_distancing,4,79,83,8,89
high_distancing,4,80,83,8,89
high_distancing,5,0,175,5,0
high_distancing,5,1,174,6,0
high_distancing,5,2,174,6,0
high_distancing,5,3,174,6,0
high_distancing,5,4,174,6,0
high_distancing,5,5,173,7,0
high_distancing,5,6,172,8,0
high_distancing,5,7,172,8,0
high_distancing,5,8,172,8,0
high_distancing,5,9,172,8,0
high_distancing,5,10,172,8,0
high_distancing,5,11,171,9,0
high_distancing,5,12,170,10,0
high_distancing,5,13,169,11,0
high_distancing,5,14,167,8,5
high_distancing,5,15,167,7,6
high_distancing,5,16,167,7,6
high_distancing,5,17,165,9,6
high_distancing,5,18,162,12,6
high_distancing,5,19,162,11,7
high_distancing,5,20,162,10,8
high_distancing,5,21,161,11,8
high_distancing,5,22,161,11,8
high_distancing,5,23,161,11,8
high_distancing,5,24,161,11,8
high_distancing,5,25,160,11,9
high_distancing,5,26,159,11,10
high_distancing,5,27,158,11,11
high_distancing,5,28,158,9,13
high_distancing,5,29,158,9,13
high_distancing,5,30,157,10,13
high_distancing,5,31,155,10,15
high_distancing,5,32,154,8,18
high_distancing,5,33,154,8,18
high_distancing,5,34,154,8,18
high_distancing,5,35,154,7,19
high_distancing,5,36,154,7,19
high_distancing,5,37,154,7,19
high_distancing,5,38,154,7,19
high_distancing,5,39,152,8,20
high_distancing,5,40,151,8,21
high_distancing,5,41,151,7,22
high_distancing,5,42,150,8,22
high_distancing,5,43,150,8,22
high_distancing,5,44,146,11,23
high_distancing,5,45,146,9,25
high_distancing,5,46,146,8,26
high_distancing,5,47,146,8,26
high_distancing,5,48,146,8,26
high_distancing,5,49,146,8,26
high_distancing,5,50,146,8,26
high_distancing,5,51,144,10,26
high_distancing,5,52,144,10,26
high_distancing,5,53,144,8,28
high_distancing,5,54,144,7,29
high_distancing,5,55,144,7,29
high_distancing,5,56,144,6,30
high_distancing,5,57,144,6,30
high_distancing,5,58,144,2,34
high_distancing,5,59,144,2,34
high_distancing,5,60,144,2,34
high_distancing,5,61,144,2,34
high_distancing,5,62,144,2,34
high_distancing,5,63,144,2,34
high_distancing,5,64,144,2,34
high_distancing,5,65,144,0,36
high_transmission,0,0,175,5,0
high_transmission,0,1,175,5,0
high_transmission,0,2,174,6,0
high_transmission,0,3,174,6,0
high_transmission,0,4,174,6,0
high_transmission,0,5,173,7,0
high_transmission,0,6,173,7,0
high_transmission,0,7,171,9,0
high_transmission,0,8,171,9,0
high_transmission,0,9,169,11,0
high_transmission,0,10,169,11,0
high_transmission,0,11,164,16,0
high_transmission,0,12,163,17,0
high_transmission,0,13,158,22,0
high_transmission,0,14,156,19,5
high_transmission,0,15,152,23,5
high_transmission,0,16,148,26,6
high_transmission,0,17,147,27,6
high_transmission,0,18,145,29,6
high_transmission,0,19,142,31,7
high_transmission,0,20,140,33,7
high_transmission,0,21,135,36,9
high_transmission,0,22,129,42,9
high_transmission,0,23,123,46,11
high_transmission,0,24,119,50,11
high_transmission,0,25,114,50,16
high_transmission,0,26,112,51,17
high_transmission,0,27,107,51,22
high_transmission,0,28,101,55,24
high_transmission,0,29,99,53,28
high_transmission,0,30,97,51,32
high_transmission,0,31,89,58,33
high_transmission,0,32,84,61,35
high_transmission,0,33,77,65,38
high_transmission,0,34,71,69,40
high_transmission,0,35,66,69,45
high_transmission,0,36,63,66,51
high_transmission,0,37,61,62,57
high_transmission,0,38,56,63,61
high_transmission,0,39,53,61,66
high_transmission,0,40,48,64,68
high_transmission,0,41,45,62,73
high_transmission,0,42,43,58,79
high_transmission,0,43,43,56,81
high_transmission,0,44,41,56,83
high_transmission,0,45,40,49,91
high_transmission,0,46,39,45,96
high_transmission,0,47,39,38,103
high_transmission,0,48,38,33,109
high_transmission,0,49,37,29,114
high_transmission,0,50,34,29,117
high_transmission,0,51,34,27,119
high_transmission,0,52,33,23,124
high_transmission,0,53,33,20,127
high_transmission,0,54,33,15,132
high_transmission,0,55,33,12,135
high_transmission,0,56,33,10,137
high_transmission,0,57,32,11,137
high_transmission,0,58,32,9,139
high_transmission,0,59,32,8,140
high_transmission,0,60,32,7,141
high_transmission,0,61,32,7,141
high_transmission,0,62,32,6,142
high_transmission,0,63,31,6,143
high_transmission,0,64,31,3,146
high_transmission,0,65,31,3,146
high_transmission,0,66,31,2,147
high_transmission,0,67,31,2,147
high_transmission,0,68,31,2,147
high_transmission,0,69,31,2,147
high_transmission,0,70,31,2,147
high_transmission,0,71,31,1,148
high_transmission,0,72,31,1,148
high_transmission,0,73,31,1,148
high_transmission,0,74,31,1,148
high_transmission,0,75,31,1,148
high_transmission,0,76,31,1,148
high_transmission,0,77,31,0,149
high_transmission,1,0,175,5,0
high_transmission,1,1,175,5,0
high_transmission,1,2,174,6,0
high_transmission,1,3,172,8,0
high_transmission,1,4,168,12,0
high_transmission,1,5,167,13,0
high_transmission,1,6,165,15,0
high_transmission,1,7,161,19,0
high_transmission,1,8,157,23,0
high_transmission,1,9,153,27,0
high_transmission,1,10,149,31,0
high_transmission,1,11,146,34,0
high_transmission,1,12,140,40,0
high_transmission,1,13,134,46,0
high_transmission,1,14,129,46,5
high_transmission,1,15,124,51,5
high_transmission,1,16,122,52,6
high_transmission,1,17,120,52,8
high_transmission,1,18,115,53,12
high_transmission,1,19,110,57,13
high_transmission,1,20,107,58,15
high_transmission,1,21,99,62,19
high_transmission,1,22,90,67,23
high_transmission,1,23,82,71,27
high_transmission,1,24,78,71,31
high_transmission,1,25,71,75,34
high_transmission,1,26,65,75,40
high_transmission,1,27,60,74,46
high_transmission,1,28,59,70,51
high_transmission,1,29,53,71,56
high_transmission,1,30,51,71,58
high_transmission,1,31,48,72,60
high_transmission,1,32,45,70,65
high_transmission,1,33,42,68,70
high_transmission,1,34,41,66,73
high_transmission,1,35,37,62,81
high_transmission,1,36,35,55,90
high_transmission,1,37,34,48,98
high_transmission,1,38,32,46,102
high_transmission,1,39,32,39,109
high_transmission,1,40,31,34,115
high_transmission,1,41,31,29,120
high_transmission,1,42,30,29,121
high_transmission,1,43,29,24,127
high_transmission,1,44,27,24,129
high_transmission,1,45,27,21,132
high_transmission,1,46,27,18,135
high_transmission,1,47,27,15,138
high_transmission,1,48,27,14,139
high_transmission,1,49,27,10,143
high_transmission,1,50,27,8,145
high_transmission,1,51,27,7,146
high_transmission,1,52,27,5,148
high_transmission,1,53,27,5,148
high_transmission,1,54,27,4,149
high_transmission,1,55,27,4,149
high_transmission,1,56,26,4,150
high_transmission,1,57,26,3,151
high_transmission,1,58,26,1,153
high_transmission,1,59,26,1,153
high_transmission,1,60,26,1,153
high_transmission,1,61,26,1,153
high_transmission,1,62,26,1,153
high_transmission,1,63,26,1,153
high_transmission,1,64,26,1,153
high_transmission,1,65,25,2,153
high_transmission,1,66,25,2,153
high_transmission,1,67,25,2,153
high_transmission,1,68,25,2,153
high_transmission,1,69,25,2,153
high_transmission,1,70,25,1,154
high_transmission,1,71,25,1,154
high_transmission,1,72,25,1,154
high_transmission,1,73,25,1,154
high_transmission,1,74,25,1,154
high_transmission,1,75,25,1,154
high_transmission,1,76,25,1,154
high_transmission,1,77,25,1,154
high_transmission,1,78,25,1,154
high_transmission,1,79,25,0,155
high_transmission,2,0,175,5,0
high_transmission,2,1,174,6,0
high_transmission,2,2,173,7,0
high_transmission,2,3,171,9,0
high_transmission,2,4,169,11,0
high_transmission,2,5,165,15,0
high_transmission,2,6,163,17,0
high_transmission,2,7,162,18,0
high_transmission,2,8,160,20,0
high_transmission,2,9,156,24,0
high_transmission,2,10,148,32,0
high_transmission,2,11,143,37,0
high_transmission,2,12,142,38,0
high_transmission,2,13,140,40,0
high_transmission,2,14,134,41,5
high_transmission,2,15,133,41,6
high_transmission,2,16,128,45,7
high_transmission,2,17,123,48,9
high_transmission,2,18,120,49,11
high_transmission,2,19,118,47,15
high_transmission,2,20,114,49,17
high_transmission,2,21,105,57,18
high_transmission,2,22,101,59,20
high_transmission,2,23,97,59,24
high_transmission,2,24,92,56,32
high_transmission,2,25,88,55,37
high_transmission,2,26,87,55,38
high_transmission,2,27,81,59,40
high_transmission,2,28,77,57,46
high_transmission,2,29,75,58,47
high_transmission,2,30,71,57,52
high_transmission,2,31,66,57,57
high_transmission,2,32,63,57,60
high_transmission,2,33,61,57,62
high_transmission,2,34,59,55,66
high_transmission,2,35,56,49,75
high_transmission,2,36,53,48,79
high_transmission,2,37,50,47,83
high_transmission,2,38,48,44,88
high_transmission,2,39,48,40,92
high_transmission,2,40,46,41,93
high_transmission,2,41,44,37,99
high_transmission,2,42,41,36,103
high_transmission,2,43,41,34,105
high_transmission,2,44,41,30,109
high_transmission,2,45,37,29,114
high_transmission,2,46,37,26,117
high_transmission,2,47,37,24,119
high_transmission,2,48,35,24,121
high_transmission,2,49,35,21,124
high_transmission,2,50,34,19,127
high_transmission,2,51,34,16,130
high_transmission,2,52,34,14,132
high_transmission,2,53,34,14,132
high_transmission,2,54,33,13,134
high_transmission,2,55,33,11,136
high_transmission,2,56,33,8,139
high_transmission,2,57,32,9,139
high_transmission,2,58,31,10,139
high_transmission,2,59,31,6,143
high_transmission,2,60,31,6,143
high_transmission,2,61,31,6,143
high_transmission,2,62,30,5,145
high_transmission,2,63,30,5,145
high_transmission,2,64,30,4,146
high_transmission,2,65,29,5,146
high_transmission,2,66,29,5,146
high_transmission,2,67,29,5,146
high_transmission,2,68,29,4,147
high_transmission,2,69,29,4,147
high_transmission,2,70,29,4,147
high_transmission,2,71,29,3,148
high_transmission,2,72,29,2,149
high_transmission,2,73,29,2,149
high_transmission,2,74,29,2,149
high_transmission,2,75,29,2,149
high_transmission,2,76,29,1,150
high_transmission,2,77,29,1,150
high_transmission,2,78,29,1,150
high_transmission,2,79,29,0,151
high_transmission,3,0,175,5,0
high_transmission,3,1,173,7,0
high_transmission,3,2,172,8,0
high_transmission,3,3,171,9,0
high_transmission,3,4,171,9,0
high_transmission,3,5,171,9,0
high_transmission,3,6,169,11,0
high_transmission,3,7,169,11,0
high_transmission,3,8,167,13,0
high_transmission,3,9,166,14,0
high_transmission,3,10,164,16,0
high_transmission,3,11,160,20,0
high_transmission,3,12,156,24,0
high_transmission,3,13,154,26,0
high_transmission,3,14,149,26,5
high_transmission,3,15,146,27,7
high_transmission,3,16,142,30,8
high_transmission,3,17,142,29,9
high_transmission,3,18,139,32,9
high_transmission,3,19,134,37,9
high_transmission,3,20,127,42,11
high_transmission,3,21,125,44,11
high_transmission,3,22,121,46,13
high_transmission,3,23,121,45,14
high_transmission,3,24,120,44,16
high_transmission,3,25,115,45,20
high_transmission,3,26,110,46,24
high_transmission,3,27,105,49,26
high_transmission,3,28,102,47,31
high_transmission,3,29,98,48,34
high_transmission,3,30,96,46,38
high_transmission,3,31,91,51,38
high_transmission,3,32,87,52,41
high_transmission,3,33,83,51,46
high_transmission,3,34,81,46,53
high_transmission,3,35,80,45,55
high_transmission,3,36,78,43,59
high_transmission,3,37,75,46,59
high_transmission,3,38,69,51,60
high_transmission,3,39,64,51,65
high_transmission,3,40,63,47,70
high_transmission,3,41,62,43,75
high_transmission,3,42,61,41,78
high_transmission,3,43,60,38,82
high_transmission,3,44,59,37,84
high_transmission,3,45,56,35,89
high_transmission,3,46,55,32,93
high_transmission,3,47,55,28,97
high_transmission,3,48,54,27,99
high_transmission,3,49,50,30,100
high_transmission,3,50,49,29,102
high_transmission,3,51,49,26,105
high_transmission,3,52,47,22,111
high_transmission,3,53,46,18,116
high_transmission,3,54,46,17,117
high_transmission,3,55,45,17,118
high_transmission,3,56,45,16,119
high_transmission,3,57,45,15,120
high_transmission,3,58,45,14,121
high_transmission,3,59,42,14,124
high_transmission,3,60,42,13,125
high_transmission,3,61,41,14,125
high_transmission,3,62,39,15,126
high_transmission,3,63,39,11,130
high_transmission,3,64,39,10,131
high_transmission,3,65,39,10,131
high_transmission,3,66,39,8,133
high_transmission,3,67,39,7,134
high_transmission,3,68,39,7,134
high_transmission,3,69,38,7,135
high_transmission,3,70,37,8,135
high_transmission,3,71,36,9,135
high_transmission,3,72,35,10,135
high_transmission,3,73,34,8,138
high_transmission,3,74,34,8,138
high_transmission,3,75,34,7,139
high_transmission,3,76,34,5,141
high_transmission,3,77,34,5,141
high_transmission,3,78,34,5,141
high_transmission,3,79,34,5,141
high_transmission,3,80,34,5,141
high_transmission,4,0,175,5,0
high_transmission,4,1,174,6,0
high_transmission,4,2,174,6,0
high_transmission,4,3,174,6,0
high_transmission,4,4,174,6,0
high_transmission,4,5,174,6,0
high_transmission,4,6,172,8,0
high_transmission,4,7,171,9,0
high_transmission,4,8,171,9,0
high_transmission,4,9,170,10,0
high_transmission,4,10,168,12,0
high_transmission,4,11,167,13,0
high_transmission,4,12,165,15,0
high_transmission,4,13,163,17,0
high_transmission,4,14,157,18,5
high_transmission,4,15,156,18,6
high_transmission,4,16,155,19,6
high_transmission,4,17,154,20,6
high_transmission,4,18,148,26,6
high_transmission,4,19,144,30,6
high_transmission,4,20,139,33,8
high_transmission,4,21,136,35,9
high_transmission,4,22,134,37,9
high_transmission,4,23,126,44,10
high_transmission,4,24,123,45,12
high_transmission,4,25,118,49,13
high_transmission,4,26,113,52,15
high_transmission,4,27,106,57,17
high_transmission,4,28,102,55,23
high_transmission,4,29,94,62,24
high_transmission,4,30,92,63,25
high_transmission,4,31,85,69,26
high_transmission,4,32,85,63,32
high_transmission,4,33,81,63,36
high_transmission,4,34,77,62,41
high_transmission,4,35,73,63,44
high_transmission,4,36,71,63,46
high_transmission,4,37,69,57,54
high_transmission,4,38,67,56,57
high_transmission,4,39,66,52,62
high_transmission,4,40,64,49,67
high_transmission,4,41,61,45,74
high_transmission,4,42,61,41,78
high_transmission,4,43,60,34,86
high_transmission,4,44,59,33,88
high_transmission,4,45,57,28,95
high_transmission,4,46,53,32,95
high_transmission,4,47,53,28,99
high_transmission,4,48,52,25,103
high_transmission,4,49,50,23,107
high_transmission,4,50,49,22,109
high_transmission,4,51,48,21,111
high_transmission,4,52,47,20,113
high_transmission,4,53,45,21,114
high_transmission,4,54,45,19,116
high_transmission,4,55,43,18,119
high_transmission,4,56,43,18,119
high_transmission,4,57,42,18,120
high_transmission,4,58,42,17,121
high_transmission,4,59,42,15,123
high_transmission,4,60,42,11,127
high_transmission,4,61,42,11,127
high_transmission,4,62,41,11,128
high_transmission,4,63,41,9,130
high_transmission,4,64,39,10,131
high_transmission,4,65,38,10,132
high_transmission,4,66,37,10,133
high_transmission,4,67,37,8,135
high_transmission,4,68,35,10,135
high_transmission,4,69,35,8,137
high_transmission,4,70,35,8,137
high_transmission,4,71,35,7,138
high_transmission,4,72,35,7,138
high_transmission,4,73,35,7,138
high_transmission,4,74,34,8,138
high_transmission,4,75,34,8,138
high_transmission,4,76,34,7,139
high_transmission,4,77,34,7,139
high_transmission,4,78,33,6,141
high_transmission,4,79,33,5,142
high_transmission,4,80,33,4,143
high_transmission,5,0,175,5,0
high_transmission,5,1,172,8,0
high_transmission,5,2,171,9,0
high_transmission,5,3,170,10,0
high_transmission,5,4,169,11,0
high_transmission,5,5,167,13,0
high_transmission,5,6,167,13,0
high_transmission,5,7,167,13,0
high_transmission,5,8,165,15,0
high_transmission,5,9,164,16,0
high_transmission,5,10,162,18,0
high_transmission,5,11,157,23,0
high_transmission,5,12,153,27,0
high_transmission,5,13,149,31,0
high_transmission,5,14,144,31,5
high_transmission,5,15,143,29,8
high_transmission,5,16,140,31,9
high_transmission,5,17,135,35,10
high_transmission,5,18,131,38,11
high_transmission,5,19,129,38,13
high_transmission,5,20,123,44,13
high_transmission,5,21,119,48,13
high_transmission,5,22,115,50,15
high_transmission,5,23,106,58,16
high_transmission,5,24,101,61,18
high_transmission,5,25,93,64,23
high_transmission,5,26,89,64,27
high_transmission,5,27,85,64,31
high_transmission,5,28,81,63,36
high_transmission,5,29,80,63,37
high_transmission,5,30,75,65,40
high_transmission,5,31,72,63,45
high_transmission,5,32,68,63,49
high_transmission,5,33,66,63,51
high_transmission,5,34,63,60,57
high_transmission,5,35,63,56,61
high_transmission,5,36,59,56,65
high_transmission,5,37,58,48,74
high_transmission,5,38,57,44,79
high_transmission,5,39,54,39,87
high_transmission,5,40,54,35,91
high_transmission,5,41,52,33,95
high_transmission,5,42,51,30,99
high_transmission,5,43,51,29,100
high_transmission,5,44,50,25,105
high_transmission,5,45,50,22,108
high_transmission,5,46,50,18,112
high_transmission,5,47,49,17,114
high_transmission,5,48,49,14,117
high_transmission,5,49,48,15,117
high_transmission,5,50,48,11,121
high_transmission,5,51,48,10,122
high_transmission,5,52,48,9,123
high_transmission,5,53,48,6,126
high_transmission,5,54,48,6,126
high_transmission,5,55,48,4,128
high_transmission,5,56,47,4,129
high_transmission,5,57,47,4,129
high_transmission,5,58,47,3,130
high_transmission,5,59,46,4,130
high_transmission,5,60,46,4,130
high_transmission,5,61,44,5,131
high_transmission,5,62,43,6,131
high_transmission,5,63,43,5,132
high_transmission,5,64,43,5,132
high_transmission,5,65,43,5,132
high_transmission,5,66,43,5,132
high_transmission,5,67,43,5,132
high_transmission,5,68,43,5,132
high_transmission,5,69,43,5,132
high_transmission,5,70,43,4,133
high_transmission,5,71,43,4,133
high_transmission,5,72,43,4,133
high_transmission,5,73,43,3,134
high_transmission,5,74,43,3,134
high_transmission,5,75,43,1,136
high_transmission,5,76,43,0,137
